{"code": 100, "msg": "model has been successfully generated", "param": {"filter": {"f1": 0, "f2": 10, "order": 6, "fs": 250, "fa": [1.0, -5.029438351421609, 10.607042183779685, -11.999315816216695, 7.675474548200204, -2.6310551284739496, 0.3774523863740888], "fb": [2.4972225268903724e-06, 1.4983335161342234e-05, 3.7458337903355585e-05, 4.994445053780745e-05, 3.7458337903355585e-05, 1.4983335161342234e-05, 2.4972225268903724e-06]}, "twindow": {"t1": 0, "t2": 0.8}, "chanset": [0], "dfs": 5}, "model": {"type": "linear", "weight": [0.8729795734308138, 1000, 58376.70295999651, 15.22871673106347, -14.34218790451831, 95.17947956914668, -89.63867440323943, 10.666666666666666, -14.399682759579992, 2.5709082279695914, -89.99801724737495, 16.068176424809945, 19.166666666666668], "bias": 0, "modelname": "", "modeldata": ""}}