{"code": 100, "msg": "model has been successfully generated", "param": {"filter": {"f1": 0, "f2": 10, "order": 6, "fs": 250, "fa": [1.0, -5.029438351421609, 10.607042183779685, -11.999315816216695, 7.675474548200204, -2.6310551284739496, 0.3774523863740888], "fb": [2.4972225268903724e-06, 1.4983335161342234e-05, 3.7458337903355585e-05, 4.994445053780745e-05, 3.7458337903355585e-05, 1.4983335161342234e-05, 2.4972225268903724e-06]}, "twindow": {"t1": 0, "t2": 0.8}, "chanset": [0], "dfs": 5}, "model": {"type": "linear", "weight": [0.9501434338708604, 1000, 59412.72738318473, 15.85364062206814, -14.777205028524456, 99.08525388792586, -92.35753142827784, 11.0, -14.866392641031432, 1.6677549280345634, -92.91495400644644, 10.42346830021602, 24.333333333333332], "bias": 0, "modelname": "", "modeldata": ""}}