{"code": 100, "msg": "model has been successfully generated", "param": {"filter": {"f1": 0, "f2": 10, "order": 6, "fs": 250, "fa": [1.0, -5.029438351421609, 10.607042183779685, -11.999315816216695, 7.675474548200204, -2.6310551284739496, 0.3774523863740888], "fb": [2.4972225268903724e-06, 1.4983335161342234e-05, 3.7458337903355585e-05, 4.994445053780745e-05, 3.7458337903355585e-05, 1.4983335161342234e-05, 2.4972225268903724e-06]}, "twindow": {"t1": 0, "t2": 0.8}, "chanset": [0], "dfs": 5}, "model": {"type": "linear", "weight": [0.9364976723735189, 1000, 56847.55989636712, 14.775878555794524, -14.474271573229727, 92.34924097371577, -90.46419733268579, 11.833333333333334, -14.690649056438453, 2.448674928219355, -91.81655660274032, 15.30421830137097, 20.333333333333332], "bias": 0, "modelname": "", "modeldata": ""}}